<?xml version="1.0" encoding="UTF-8"?>
<beans xmlns="http://www.springframework.org/schema/beans"
	xmlns:mvc="http://www.springframework.org/schema/mvc" 
	xmlns:context="http://www.springframework.org/schema/context"
	xmlns:xsi="http://www.w3.org/2001/XMLSchema-instance"
	xsi:schemaLocation="http://www.springframework.org/schema/beans
        http://www.springframework.org/schema/beans/spring-beans-4.0.xsd
        http://www.springframework.org/schema/mvc
        http://www.springframework.org/schema/mvc/spring-mvc-4.0.xsd
        http://www.springframework.org/schema/context
        http://www.springframework.org/schema/context/spring-context-4.0.xsd">
	
	<!-- declare mvc to be annotation driven -->
	<mvc:annotation-driven />
	
	<!-- activate different annotations in beans, whether they are defined in XML or through component scanning -->
	<context:annotation-config />
	
	<!-- Base package to scan annotations for components -->
	<context:component-scan base-package="com.sb" />	
	
	
	
	<!-- Spring view resolver -->
	<bean id="viewResolver"	class="org.springframework.web.servlet.view.InternalResourceViewResolver">
		<property name="prefix">
			<value>/WEB-INF/views/</value>
		</property>
		<property name="suffix">
			<value>.jsp</value>
		</property>
	</bean>
	
  
	<mvc:resources mapping="/resources/**" location="/resources/" />
	
</beans>